"1","Actions speak louder than words.","Mark Twain","1","2024-09-16 20:44:03","2024-09-16 20:44:03",NULL
"2","A journey of a thousand miles begins with a single step.","Laozi","1","2024-09-16 20:44:03","2024-09-16 20:44:03",NULL
"3","Don't count your chickens before they hatch.","Benjamin Franklin","1","2024-09-16 20:44:03","2024-09-16 20:44:03",NULL
"4","When the going gets tough, the tough get going.","Joseph P. Kennedy","1","2024-09-16 20:44:03","2024-09-16 20:44:03",NULL
"5","The early bird catches the worm.","William Camden","1","2024-09-16 20:44:03","2024-09-16 20:44:03",NULL
"6","Practice makes perfect.","John Adams","1","2024-09-16 20:44:03","2024-09-16 20:44:03",NULL
"7","Fortune favors the bold.","Virgil","1","2024-09-16 20:44:03","2024-09-16 20:44:03",NULL
"8","Rome wasn’t built in a day.","John Heywood","1","2024-09-16 20:44:03","2024-09-16 20:44:03",NULL
"9","You miss 100% of the shots you don’t take.","Wayne Gretzky","1","2024-09-16 20:44:03","2024-09-16 20:44:03",NULL
"10","A picture is worth a thousand words.","Fred R. Barnard","1","2024-09-16 20:44:03","2024-09-16 20:44:03",NULL
"11","Time is money.","Benjamin Franklin","1","2024-09-16 20:44:03","2024-09-16 20:44:03",NULL
"12","The grass is always greener on the other side.","Publius Ovidius Naso","1","2024-09-16 20:44:03","2024-09-16 20:44:03",NULL
"13","Necessity is the mother of invention.","Plato","1","2024-09-16 20:44:03","2024-09-16 20:44:03",NULL
"14","Two heads are better than one.","John Heywood","1","2024-09-16 20:44:03","2024-09-16 20:44:03",NULL
"15","Don't judge a book by its cover.","George Eliot","1","2024-09-16 20:44:03","2024-09-16 20:44:03",NULL
"16","Honesty is the best policy.","Benjamin Franklin","1","2024-09-16 20:44:03","2024-09-16 20:44:03",NULL
"17","An apple a day keeps the doctor away.","Benjamin Franklin","1","2024-09-16 20:44:03","2024-09-16 20:44:03",NULL
"18","You can’t have your cake and eat it too.","Thomas More","1","2024-09-16 20:44:03","2024-09-16 20:44:03",NULL
"19","Where there's a will, there's a way.","C.G. Jung","1","2024-09-16 20:44:03","2024-09-16 20:44:03",NULL
"20","Birds of a feather flock together.","Lewis Carroll","1","2024-09-16 20:44:03","2024-09-16 20:44:03",NULL
"21","Don’t put all your eggs in one basket.","Don Quixote","1","2024-09-16 20:44:03","2024-09-16 20:44:03",NULL
"22","A stitch in time saves nine.","Thomas Fuller","1","2024-09-16 20:44:03","2024-09-16 20:44:03",NULL
"23","Better late than never.","Geoffrey Chaucer","1","2024-09-16 20:44:03","2024-09-16 20:44:03",NULL
"24","No pain, no gain.","Benjamin Franklin","1","2024-09-16 20:44:03","2024-09-16 20:44:03",NULL
"25","The pen is mightier than the sword.","Edward Bulwer-Lytton","1","2024-09-16 20:44:03","2024-09-16 20:44:03",NULL
"26","Absence makes the heart grow fonder.","","1","2024-09-16 20:44:03","2024-09-16 20:44:03",NULL
"27","Money can’t buy happiness.","","1","2024-09-16 20:44:03","2024-09-16 20:44:03",NULL
"28","Laughter is the best medicine.","","1","2024-09-16 20:44:03","2024-09-16 20:44:03",NULL
"29","You can't teach an old dog new tricks.","John Heywood","1","2024-09-16 20:44:03","2024-09-16 20:44:03",NULL
"30","The best things in life are free.","Coco Chanel","1","2024-09-16 20:44:03","2024-09-16 20:44:03",NULL
"31","You reap what you sow.","","1","2024-09-16 20:44:03","2024-09-16 20:44:03",NULL
"32","Every cloud has a silver lining.","John Milton","1","2024-09-16 20:44:03","2024-09-16 20:44:03",NULL
"33","When in Rome, do as the Romans do.","","1","2024-09-16 20:44:03","2024-09-16 20:44:03",NULL
"34","Actions speak louder than words, but words can cut deeper.","Mark Twain","1","2024-09-16 20:44:03","2024-09-16 20:44:03",NULL
"35","Keep your friends close, but your enemies closer.","Sun-tzu","1","2024-09-16 20:44:03","2024-09-16 20:44:03",NULL
"36","It’s better to have loved and lost than never to have loved at all.","Alfred Lord Tennyson","1","2024-09-16 20:44:03","2024-09-16 20:44:03",NULL
"37","What doesn’t kill you makes you stronger.","Friedrich Nietzsche","1","2024-09-16 20:44:03","2024-09-16 20:44:03",NULL
"38","If you want something done right, do it yourself.","Napoleon Bonaparte","1","2024-09-16 20:44:03","2024-09-16 20:44:03",NULL
"39","The squeaky wheel gets the grease.","Josh Billings","1","2024-09-16 20:44:03","2024-09-16 20:44:03",NULL
"40","Beauty is in the eye of the beholder.","E.A. Bucchianeri","1","2024-09-16 20:44:03","2024-09-16 20:44:03",NULL
"41","You can’t judge a book by its cover, but it sure gives clues.","","1","2024-09-16 20:44:03","2024-09-16 20:44:03",NULL
"42","Time heals all wounds.","Geoffrey Chaucer","1","2024-09-16 20:44:03","2024-09-16 20:44:03",NULL
"43","A fool and his money are soon parted.","Thomas Tusser","1","2024-09-16 20:44:03","2024-09-16 20:44:03",NULL
"44","Good things come to those who wait.","Violet Fane","1","2024-09-16 20:44:03","2024-09-16 20:44:03",NULL
"45","Knowledge is power.","Sir Francis Bacon","1","2024-09-16 20:44:03","2024-09-16 20:44:03",NULL
"46","A watched pot never boils.","Benjamin Franklin","1","2024-09-16 20:44:03","2024-09-16 20:44:03",NULL
"47","Don’t bite the hand that feeds you.","Kevin Ansbro","1","2024-09-16 20:44:03","2024-09-16 20:44:03",NULL
"48","It takes two to tango.","M.A. Church","1","2024-09-16 20:44:03","2024-09-16 20:44:03",NULL
"49","The only thing we have to fear is fear itself.","Franklin D. Roosevelt","1","2024-09-16 20:44:03","2024-09-16 20:44:03",NULL
"50","A chain is only as strong as its weakest link.","Thomas Reid","1","2024-09-16 20:44:03","2024-09-16 20:44:03",NULL
"51","There’s no place like home.","L. Frank Baum","1","2024-09-16 20:44:03","2024-09-16 20:44:03",NULL
"52","A rolling stone gathers no moss.","Benjamin Franklin","1","2024-09-16 20:44:03","2024-09-16 20:44:03",NULL
"53","The more things change, the more they stay the same.","Jean-Baptiste Alphonse Karr","1","2024-09-16 20:44:03","2024-09-16 20:44:03",NULL
"54","It is always darkest before the dawn.","Thomas Fuller","1","2024-09-16 20:44:03","2024-09-16 20:44:03",NULL
"55","If it ain't broke, don’t fix it.","T. Bert Lance","1","2024-09-16 20:44:03","2024-09-16 20:44:03",NULL
"56","Curiosity killed the cat.","Ben Johnson","1","2024-09-16 20:44:03","2024-09-16 20:44:03",NULL
"57","You can't make an omelette without breaking eggs.","Robert Louis Stevenson","1","2024-09-16 20:44:03","2024-09-16 20:44:03",NULL
"58","The road to hell is paved with good intentions.","Saint Bernard of Clairvaux","1","2024-09-16 20:44:03","2024-09-16 20:44:03",NULL
"59","Familiarity breeds contempt.","Mark Twain","1","2024-09-16 20:44:03","2024-09-16 20:44:03",NULL
"60","Don’t cry over spilled milk.","James Howell","1","2024-09-16 20:44:03","2024-09-16 20:44:03",NULL
"61","Silence is golden.","Leo Tolstoy","1","2024-09-16 20:44:03","2024-09-16 20:44:03",NULL
"62","To err is human, to forgive divine.","Alexander Pope","1","2024-09-16 20:44:03","2024-09-16 20:44:03",NULL
"63","Strike while the iron is hot.","","1","2024-09-16 20:44:03","2024-09-16 20:44:03",NULL
"64","Don’t cross the bridge till you come to it.","","1","2024-09-16 20:44:03","2024-09-16 20:44:03",NULL
"65","The apple doesn't fall far from the tree......unless that tree's growing on top of a hill.","John DePrey","1","2024-09-16 20:44:03","2024-09-16 20:44:03",NULL
"66","If you lie down with dogs, you’ll get up with fleas.","James Sanford's Garden of Pleasure","1","2024-09-16 20:44:03","2024-09-16 20:44:03",NULL
"67","The best defense is a good offense.","George Washingto","1","2024-09-16 20:44:03","2024-09-16 20:44:03",NULL
"68","If at first you don’t succeed, try, try again.","William Edward Hickson","1","2024-09-16 20:44:03","2024-09-16 20:44:03",NULL
"69","A friend in need is a friend indeed.","Benjamin Franklin","1","2024-09-16 20:44:03","2024-09-16 20:44:03",NULL
"70","A penny saved is a penny earned.","Benjamin Franklin","1","2024-09-16 20:44:03","2024-09-16 20:44:03",NULL
"71","Don't burn your bridges until you build better ones.","Matshona Dhliwayo","1","2024-09-16 20:44:03","2024-09-16 20:44:03",NULL
"72","Every rose has its thorn. Just like every night has its dawn. Just like every cowboy sings a sad, sad song. Every rose has it's thorn.","Poison","1","2024-09-16 20:44:03","2024-09-16 20:44:03",NULL
"73","The truth will set you free.","the Bible","1","2024-09-16 20:44:03","2024-09-16 20:44:03",NULL
"74","Blood is thicker than water.","Sir Walter Scott","1","2024-09-16 20:44:03","2024-09-16 20:44:03",NULL
"75","There’s no time like the present.","John Trusler","1","2024-09-16 20:44:03","2024-09-16 20:44:03",NULL
"76","Don’t judge others before walking a mile in their shoes.","Cherokee Indians","1","2024-09-16 20:44:03","2024-09-16 20:44:03",NULL
"77","Living well is the best revenge.","George Herbert","1","2024-09-16 20:44:03","2024-09-16 20:44:03",NULL
"78","Early to bed and early to rise makes a man healthy, wealthy, and wise.","Benjamin Franklin","1","2024-09-16 20:44:03","2024-09-16 20:44:03",NULL
"79","What goes around may come around, but it never ends up exactly the same place, you ever notice? Like a record on a turntable, all it takes is one groove's difference and the universe can be on into a whole 'nother song.","Thomas Pynchon, Inherent Vice","1","2024-09-16 20:44:03","2024-09-16 20:44:03",NULL
"80","Ignorance is bliss.","Thomas Gray","1","2024-09-16 20:44:03","2024-09-16 20:44:03",NULL
"81","All that glitters is not gold.","William Shakespeare","1","2024-09-16 20:44:03","2024-09-16 20:44:03",NULL
"82","Life is what happens when you’re busy making other plans.","John Lennon","1","2024-09-16 20:44:03","2024-09-16 20:44:03",NULL
"83","Don’t throw the baby out with the bathwater.","Thomas Carlyle","1","2024-09-16 20:44:03","2024-09-16 20:44:03",NULL
"84","You can’t always get what you want.","Mick Jagger","1","2024-09-16 20:44:03","2024-09-16 20:44:03",NULL
"85","Nothing ventured, nothing gained.","Geoffrey Chaucer","1","2024-09-16 20:44:03","2024-09-16 20:44:03",NULL
"86","Opportunity knocks but once.","Leon Spinks","1","2024-09-16 20:44:03","2024-09-16 20:44:03",NULL
"87","Don't bite off more than you can chew.","Carroll Bryant","1","2024-09-16 20:44:03","2024-09-16 20:44:03",NULL
"88","You can’t please everyone all the time.","John Lydgate","1","2024-09-16 20:44:03","2024-09-16 20:44:03",NULL
"89","Let sleeping dogs lie.","Robert Walpole","1","2024-09-16 20:44:03","2024-09-16 20:44:03",NULL
"90","Don’t sweat the small stuff.","Richard Carlson","1","2024-09-16 20:44:03","2024-09-16 20:44:03",NULL
"91","The ends justify the means.","Niccolò Machiavelli","1","2024-09-16 20:44:03","2024-09-16 20:44:03",NULL
"92","A leopard can’t change its spots.","Jeremiah","1","2024-09-16 20:44:03","2024-09-16 20:44:03",NULL
"93","Great minds think alike, but fools rarely differ.","Dabridgcourt Belchier","1","2024-09-16 20:44:03","2024-09-16 20:44:03",NULL
"94","A house divided against itself cannot stand.","Abraham Lincoln","1","2024-09-16 20:44:03","2024-09-16 20:44:03",NULL
"95","Beggars can’t be choosers.","James Bowen","1","2024-09-16 20:44:03","2024-09-16 20:44:03",NULL
"96","Everything is easier said than done. Wanting something is easy. Saying something is easy. The challenge and the reward are in the doing.","Steve Maraboli","1","2024-09-16 20:44:03","2024-09-16 20:44:03",NULL
"97","Magic is believing in yourself. If you can make that happen, you can make anything happen.","Johann Wolfgang Von Goethe","1","2024-09-16 20:44:03","2024-09-16 20:44:03",NULL
"98","It’s never too late to learn.","","1","2024-09-16 20:44:03","2024-09-16 20:44:03",NULL
"99","Success is not final, failure is not fatal: It is the courage to continue that counts.","","1","2024-09-16 20:44:03","2024-09-16 20:44:03",NULL
"100","Tough times never last, but tough people do.","","1","2024-09-16 20:44:03","2024-09-16 20:44:03",NULL
"101","If you can dream it, you can do it.","Walt Disney","1","2024-09-16 20:44:03","2024-09-16 20:44:03",NULL
"102","Love the life you live. Live the life you love.","Bob Marley","1","2024-09-16 20:44:03","2024-09-16 20:44:03",NULL
"103","You’ll never find a rainbow if you’re looking down.","Charlie Chaplin","1","2024-09-16 20:44:03","2024-09-16 20:44:03",NULL
"104","Stay hungry. Stay foolish.","Steve Jobs","1","2024-09-16 20:44:03","2024-09-16 20:44:03",NULL
"105","There is more to life than increasing its speed.","Mahatma Gandhi","1","2024-09-16 20:44:03","2024-09-16 20:44:03",NULL
"106","If you want to be happy, be.","Leo Tolstoy","1","2024-09-16 20:44:03","2024-09-16 20:44:03",NULL
"107","Life isn’t about finding yourself. Life is about creating yourself.","Bernard Shaw","1","2024-09-16 20:44:03","2024-09-16 20:44:03",NULL
"108","Don’t wait. The time will never be just right.","Napoleon Hill","1","2024-09-16 20:44:03","2024-09-16 20:44:03",NULL
"109","The greatest use of life is to spend it for something that will outlast it.","William James","1","2024-09-16 20:44:03","2024-09-16 20:44:03",NULL
"110","Change is the law of life. And those who look only to the past or present are certain to miss the future.","John F. Kennedy","1","2024-09-16 20:44:03","2024-09-16 20:44:03",NULL
"111","After climbing a great hill, one only finds that there are many more hills to climb.","Nelson Mandela","1","2024-09-16 20:44:03","2024-09-16 20:44:03",NULL
"112","Done is better than perfect.","Mark Zuckerberg","1","2024-09-16 20:44:03","2024-09-16 20:44:03",NULL
"113","Change before you have to.","Jack Welch","1","2024-09-16 20:44:03","2024-09-16 20:44:03",NULL
"114","If you want to go fast, go alone. If you want to go far, go together.","","1","2024-09-16 20:44:03","2024-09-16 20:44:03",NULL
"115","Drive thy business; let it not drive thee.","Benjamin Franklin","1","2024-09-16 20:44:03","2024-09-16 20:44:03",NULL
"116","If you don’t like where you are, change it. You’re not a tree.","Jim Rohn","1","2024-09-16 20:44:03","2024-09-16 20:44:03",NULL
"117","You will live a dull and boring life if you do not take risks.","Harvey Specter","1","2024-09-16 20:44:03","2024-09-16 20:44:03",NULL
"118","Success is the ability to go from failure to failure without losing your enthusiasm.","Winston Churchill","1","2024-09-16 20:44:03","2024-09-16 20:44:03",NULL
"119","I keep working because I learn something new all the time.","Clint Eastwood","1","2024-09-16 20:44:03","2024-09-16 20:44:03",NULL
"120","The most successful businesses have an idea for the future that’s very different from the present.","Peter Thiel","1","2024-09-16 20:44:03","2024-09-16 20:44:03",NULL
"121","Love does not consist in gazing at each other, but in looking together in the same direction.","Saint-Exupéry","1","2024-09-16 20:44:03","2024-09-16 20:44:03",NULL
"122","Love is the greatest refreshment in life.","Pablo Picasso","1","2024-09-16 20:44:03","2024-09-16 20:44:03",NULL
"123","The course of true love never did run smooth.","William Shakespeare","1","2024-09-16 20:44:03","2024-09-16 20:44:03",NULL
"124","It is impossible to love and to be wise.","Francis Bacon","1","2024-09-16 20:44:03","2024-09-16 20:44:03",NULL
"125","Love fed fat soon turns to boredom.","Ovidius","1","2024-09-16 20:44:03","2024-09-16 20:44:03",NULL
"126","Where there is no love, there is no sense either.","Fyodor Dostoyevsky","1","2024-09-16 20:44:03","2024-09-16 20:44:03",NULL
"127","Love does not dominate; it cultivates.","Goethe","1","2024-09-16 20:44:03","2024-09-16 20:44:03",NULL
"128","Love is like a flower – you’ve got to let it grow.","John Lennon","1","2024-09-16 20:44:03","2024-09-16 20:44:03",NULL
"129","A man should never neglect his family for business.","Walt Disney","1","2024-09-16 20:44:03","2024-09-16 20:44:03",NULL
"130","A mother’s love for her child is like nothing else in the world.","Agatha Christie","1","2024-09-16 20:44:03","2024-09-16 20:44:03",NULL
"131","If you want to bring happiness to the whole world, go home and love your family.","Mother Teresa","1","2024-09-16 20:44:03","2024-09-16 20:44:03",NULL
"132","Life isn’t worth living, unless it is lived for someone else.","Albert Einstein","1","2024-09-16 20:44:03","2024-09-16 20:44:03",NULL
"133","Family is a life jacket in the stormy sea of life.","J.K.Rowling","1","2024-09-16 20:44:03","2024-09-16 20:44:03",NULL
"134","Family is not an important thing. It’s everything.","Michael J. Fox","1","2024-09-16 20:44:03","2024-09-16 20:44:03",NULL
"135","Tennis is just a game, family is forever.","Serena Williams","1","2024-09-16 20:44:03","2024-09-16 20:44:03",NULL
"136","Other things may change us, but we start and end with the family.","Anthony Blunt","1","2024-09-16 20:44:03","2024-09-16 20:44:03",NULL
"137","Family is the most important thing in the world.","Diana, Princess of Wales","1","2024-09-16 20:44:03","2024-09-16 20:44:03",NULL
"138","Without friends no one would choose to live, though he had all other goods.","Aristotle","1","2024-09-16 20:44:03","2024-09-16 20:44:03",NULL
"139","I would rather walk with a friend in the dark, than alone in the light.","Helen Keller","1","2024-09-16 20:44:03","2024-09-16 20:44:03",NULL
"140","My best friend is the one who brings out the best in me.","Henry Ford","1","2024-09-16 20:44:03","2024-09-16 20:44:03",NULL
"141","The only way to have a friend is to be one.","Ralph Waldo Emerson","1","2024-09-16 20:44:03","2024-09-16 20:44:03",NULL
"142","Be slow in choosing a friend, slower in changing.","Benjamin Franklin","1","2024-09-16 20:44:03","2024-09-16 20:44:03",NULL
"143","Don’t make friends who are comfortable to be with. Make friends who will force you to lever yourself up.","Thomas. J. Watson","1","2024-09-16 20:44:03","2024-09-16 20:44:03",NULL
"144","A man’s friendships are one of the best measures of his worth.","Charles Darwin","1","2024-09-16 20:44:03","2024-09-16 20:44:03",NULL
"145","A friend is a gift you give yourself.","Robert Louis Stevenson","1","2024-09-16 20:44:03","2024-09-16 20:44:03",NULL
"146","The greatest glory in living lies not in never falling, but in rising every time we fall.","Nelson Mandela","1","2024-09-16 20:44:03","2024-09-16 20:44:03",NULL
"147","The way to get started is to quit talking and begin doing.","Walt Disney","1","2024-09-16 20:44:03","2024-09-16 20:44:03",NULL
"148","A rose by any other name would smell as sweet.","William Shakespeare","1","2024-09-16 20:44:03","2024-09-16 20:44:03",NULL
"149","All the world’s a stage, and all the men and women merely players.","William Shakespeare","1","2024-09-16 20:44:03","2024-09-16 20:44:03",NULL
"150","Ask not what your country can do for you; ask what you can do for your country.","John Kennedy","1","2024-09-16 20:44:03","2024-09-16 20:44:03",NULL
"151","Ask, and it shall be given you; seek, and you shall find.","the Bible","1","2024-09-16 20:44:03","2024-09-16 20:44:03",NULL
"152","Eighty percent of success is showing up.","Woody Allen","1","2024-09-16 20:44:03","2024-09-16 20:44:03",NULL
"153","Elementary, my dear Watson.","Sherlock Holmes","1","2024-09-16 20:44:03","2024-09-16 20:44:03",NULL
"154","For those to whom much is given, much is required.","the Bible","1","2024-09-16 20:44:03","2024-09-16 20:44:03",NULL
"155","Frankly, my dear, I don't give a damn.","Rhett Butler","1","2024-09-16 20:44:03","2024-09-16 20:44:03",NULL
"156","Genius is one percent inspiration and ninety-nine percent perspiration.","Thomas Edison","1","2024-09-16 20:44:03","2024-09-16 20:44:03",NULL
"157","Go ahead, make my day.","Harry Callahan","1","2024-09-16 20:44:03","2024-09-16 20:44:03",NULL
"158","He travels the fastest who travels alone.","Rudyard Kipling","1","2024-09-16 20:44:03","2024-09-16 20:44:03",NULL
"159","Hell has no fury like a woman scorned.","William Congreve","1","2024-09-16 20:44:03","2024-09-16 20:44:03",NULL
"160","Hell is other people.","Jean-Paul Sartre","1","2024-09-16 20:44:03","2024-09-16 20:44:03",NULL
"161","Here's looking at you, kid.","Rick Blaine","1","2024-09-16 20:44:03","2024-09-16 20:44:03",NULL
"162","Houston, we have a problem.","Jim Lovell","1","2024-09-16 20:44:03","2024-09-16 20:44:03",NULL
"163","I have a dream that my four little children will one day live in a nation where they will not be judged by the color of their skin but by the content of their character.","Martin Luther King","1","2024-09-16 20:44:03","2024-09-16 20:44:03",NULL
"164","I have always depended on the kindness of strangers.","Blanche Dubois","1","2024-09-16 20:44:03","2024-09-16 20:44:03",NULL
"165","I love the smell of napalm in the morning.","Lt. Kilgore","1","2024-09-16 20:44:03","2024-09-16 20:44:03",NULL
"166","I think therefore I am.","Rene Descartes","1","2024-09-16 20:44:03","2024-09-16 20:44:03",NULL
"167","If you build it, they will come.","Joe Jackson","1","2024-09-16 20:44:03","2024-09-16 20:44:03",NULL
"168","If you want something said, ask a man; if you want something done, ask a woman.","Margaret Thatcher","1","2024-09-16 20:44:03","2024-09-16 20:44:03",NULL
"169","Life is like a box of chocolates. You never know what you’re gonna get.","Forrest Gump","1","2024-09-16 20:44:03","2024-09-16 20:44:03",NULL
"170","Life is like riding a bicycle. To keep your balance, you must keep moving.","Albert Einstein","1","2024-09-16 20:44:03","2024-09-16 20:44:03",NULL
"171","May the Force be with you.","Star Wars","1","2024-09-16 20:44:03","2024-09-16 20:44:03",NULL
"172","No one can make you feel inferior without your consent.","Eleanor Roosevelt","1","2024-09-16 20:44:03","2024-09-16 20:44:03",NULL
"173","Not all those who wander are lost.","J. R. R. Tolkein","1","2024-09-16 20:44:03","2024-09-16 20:44:03",NULL
"174","Nothing is certain except for death and taxes.","Benjamin Franklin","1","2024-09-16 20:44:03","2024-09-16 20:44:03",NULL
"175","Parting is such sweet sorrow","William Shakespeare","1","2024-09-16 20:44:03","2024-09-16 20:44:03",NULL
"176","ower corrupts; absolute power corrupts absolutely.","John Dalberg-Acton","1","2024-09-16 20:44:03","2024-09-16 20:44:03",NULL
"177","Speak softly and carry a big stick","Theodore Roosevelt","1","2024-09-16 20:44:03","2024-09-16 20:44:03",NULL
"178","That’s one small step for a man, a giant leap for mankind.","Neil Armstrong","1","2024-09-16 20:44:03","2024-09-16 20:44:03",NULL
"179","The love of money is the root of all evil.","the Bible","1","2024-09-16 20:44:03","2024-09-16 20:44:03",NULL
"180","Three can keep a secret, if two of them are dead.","Benjamin Franklin","1","2024-09-16 20:44:03","2024-09-16 20:44:03",NULL
"181","Tis better to have loved and lost than never to have loved at all.","Alfred Lord Tennyson","1","2024-09-16 20:44:03","2024-09-16 20:44:03",NULL
"182","To be or not to be, that is the question.","William Shakespeare","1","2024-09-16 20:44:03","2024-09-16 20:44:03",NULL
"183","To err is human; to forgive, divine.","Alexander Pope","1","2024-09-16 20:44:03","2024-09-16 20:44:03",NULL
"184","To thine own self, be true.","William Shakespeare","1","2024-09-16 20:44:03","2024-09-16 20:44:03",NULL
"185","Two roads diverged in a wood, and I, I took the one less travelled by, and that has made all the difference.","Robert Frost","1","2024-09-16 20:44:03","2024-09-16 20:44:03",NULL
"186","United we stand, divided we fall.","Aesop","1","2024-09-16 20:44:03","2024-09-16 20:44:03",NULL
"187","What doesn't kill us makes us stronger.","Friedrich Nietzsche","1","2024-09-16 20:44:03","2024-09-16 20:44:03",NULL
"188","Whatever you are, be a good one.","Abraham Lincoln","1","2024-09-16 20:44:03","2024-09-16 20:44:03",NULL
"189","You can fool all of the people some of the time, and some of the people all of the time, but you can't fool all of the people all of the time.","Abraham Lincoln","1","2024-09-16 20:44:03","2024-09-16 20:44:03",NULL
"190","You must be the change you wish to see in the world.","Mahatma Gandhi","1","2024-09-16 20:44:03","2024-09-16 20:44:03",NULL
"191","Success is not final; failure is not fatal: It is the courage to continue that counts.","Winston S. Churchill","1","2024-09-16 20:44:03","2024-09-16 20:44:03",NULL
"192","The road to success and the road to failure are almost exactly the same.","Colin R. Davis","1","2024-09-16 20:44:03","2024-09-16 20:44:03",NULL
"193","Success usually comes to those who are too busy to be looking for it.","Henry David Thoreau","1","2024-09-16 20:44:03","2024-09-16 20:44:03",NULL
"194","Opportunities don’t happen. You create them.","Chris Grosser","1","2024-09-16 20:44:03","2024-09-16 20:44:03",NULL
"195","Don’t be afraid to give up the good to go for the great.","John D. Rockefeller","1","2024-09-16 20:44:03","2024-09-16 20:44:03",NULL
"196","I find that the harder I work, the more luck I seem to have.","Thomas Jefferson","1","2024-09-16 20:44:03","2024-09-16 20:44:03",NULL
"197","There are two types of people who will tell you that you cannot make a difference in this world: those who are afraid to try and those who are afraid you will succeed.","Ray Goforth","1","2024-09-16 20:44:03","2024-09-16 20:44:03",NULL
"198","Successful people do what unsuccessful people are not willing to do. Don’t wish it were easier; wish you were better.","Jim Rohn","1","2024-09-16 20:44:03","2024-09-16 20:44:03",NULL
"199","Never give in except to convictions of honor and good sense.","Winston Churchill","1","2024-09-16 20:44:03","2024-09-16 20:44:03",NULL
"200","Stop chasing the money and start chasing the passion.","Tony Hsieh","1","2024-09-16 20:44:03","2024-09-16 20:44:03",NULL
"201","Nothing in the world can take the place of Persistence. Talent will not; nothing is more common than unsuccessful men with talent. Genius will not; unrewarded genius is almost a proverb. Education will not; the world is full of educated derelicts. The slogan ‘Press On’ has solved and always will solve the problems of the human race.","Calvin Coolidge","1","2024-09-16 20:44:03","2024-09-16 20:44:03",NULL
"202","There are three ways to ultimate success: The first way is to be kind. The second way is to be kind. The third way is to be kind.","Mister Rogers","1","2024-09-16 20:44:03","2024-09-16 20:44:03",NULL
"203","Success is peace of mind, which is a direct result of self-satisfaction in knowing you made the effort to become the best of which you are capable.","John Wooden","1","2024-09-16 20:44:03","2024-09-16 20:44:03",NULL
"204","I never dreamed about success. I worked for it.","Estée Lauder","1","2024-09-16 20:44:03","2024-09-16 20:44:03",NULL
"205","Success is getting what you want, happiness is wanting what you get.","W. P. Kinsella","1","2024-09-16 20:44:03","2024-09-16 20:44:03",NULL
"206","Success is walking from failure to failure with no loss of enthusiasm.","Winston Churchill","1","2024-09-16 20:44:03","2024-09-16 20:44:03",NULL
"207","I owe my success to having listened respectfully to the very best advice, and then going away and doing the exact opposite.","G. K. Chesterton","1","2024-09-16 20:44:03","2024-09-16 20:44:03",NULL
"208","Would you like me to give you a formula for success? It’s quite simple, really: Double your rate of failure. You are thinking of failure as the enemy of success. But it isn’t at all. You can be discouraged by failure or you can learn from it, so go ahead and make mistakes. Make all you can. Because remember that’s where you will find success.","Thomas J. Watson","1","2024-09-16 20:44:03","2024-09-16 20:44:03",NULL
"209","There are no secrets to success. It is the result of preparation, hard work, and learning from failure.","Colin Powell","1","2024-09-16 20:44:03","2024-09-16 20:44:03",NULL
"210","Success seems to be connected with action. Successful people keep moving. They make mistakes, but they don’t quit.","Conrad Hilton","1","2024-09-16 20:44:03","2024-09-16 20:44:03",NULL
"211","If you really want to do something, you’ll find a way. If you don’t, you’ll find an excuse","Jim Rohn","1","2024-09-16 20:44:03","2024-09-16 20:44:03",NULL
"212","I cannot give you the formula for success, but I can give you the formula for failure – It is: Try to please everybody.","Herbert Bayard Swope","1","2024-09-16 20:44:03","2024-09-16 20:44:03",NULL
"213","Success is not the key to happiness. Happiness is the key to success. If you love what you are doing, you will be successful.","Albert Schweitzer","1","2024-09-16 20:44:03","2024-09-16 20:44:03",NULL
"214","Success isn’t just about what you accomplish in your life; it’s about what you inspire others to do.","","1","2024-09-16 20:44:03","2024-09-16 20:44:03",NULL
"215","Some people dream of success while others wake up and work.","","1","2024-09-16 20:44:03","2024-09-16 20:44:03",NULL
"216","The difference between who you are and who you want to be is what you do.","","1","2024-09-16 20:44:03","2024-09-16 20:44:03",NULL
"217","In order to succeed, your desire for success should be greater than your fear of failure.","Bill Cosby","1","2024-09-16 20:44:03","2024-09-16 20:44:03",NULL
"218","In order to succeed, we must first believe that we can.","Nikos Kazantzakis","1","2024-09-16 20:44:03","2024-09-16 20:44:03",NULL
"219","Dreams don’t work unless you do.","John C. Maxwell","1","2024-09-16 20:44:03","2024-09-16 20:44:03",NULL
"220","Go the extra mile. It’s never crowded there.","Dr. Wayne D. Dyer","1","2024-09-16 20:44:03","2024-09-16 20:44:03",NULL
"221","Keep your face always toward the sunshine – and shadows will fall behind you.","Walt Whitman","1","2024-09-16 20:44:03","2024-09-16 20:44:03",NULL
"222","Make each day your masterpiece.","John Wooden","1","2024-09-16 20:44:03","2024-09-16 20:44:03",NULL
"223","Turn your wounds into wisdom","Oprah","1","2024-09-16 20:44:03","2024-09-16 20:44:03",NULL
"224","We can do anything we want to if we stick to it long enough.","Helen Keller","1","2024-09-16 20:44:03","2024-09-16 20:44:03",NULL
"225","Many of life’s failures are people who did not realize how close they were to success when they gave up.","Thomas Edison","1","2024-09-16 20:44:03","2024-09-16 20:44:03",NULL
"226","Don’t be distracted by criticism. Remember–the only taste of success some people get is to take a bite out of you.","Zig Ziglar","1","2024-09-16 20:44:03","2024-09-16 20:44:03",NULL
"227","The secret of success is to do the common thing uncommonly well.","John D. Rockefeller Jr.","1","2024-09-16 20:44:03","2024-09-16 20:44:03",NULL
"228","You know you are on the road to success if you would do your job, and not be paid for it.","Oprah Winfrey","1","2024-09-16 20:44:03","2024-09-16 20:44:03",NULL
"229","I never did anything worth doing by accident, nor did any of my inventions come indirectly through accident, except the phonograph. No, when I have fully decided that a result is worth getting, I go about it, and make trial after trial, until it comes.","Thomas Edison","1","2024-09-16 20:44:03","2024-09-16 20:44:03",NULL
"230","I failed my way to success.","Thomas Edison","1","2024-09-16 20:44:03","2024-09-16 20:44:03",NULL
"231","There is a powerful driving force inside every human being that, once unleashed, can make any vision, dream, or desire a reality.","Anthony Robbins","1","2024-09-16 20:44:03","2024-09-16 20:44:03",NULL
"232","The secret to success is to know something nobody else knows.","Aristotle Onassis","1","2024-09-16 20:44:03","2024-09-16 20:44:03",NULL
"233","The only place where success comes before work is in the dictionary.","Vince Lombardi","1","2024-09-16 20:44:03","2024-09-16 20:44:03",NULL
"234","I never dreamed about success, I worked for it.","Estee Lauder","1","2024-09-16 20:44:03","2024-09-16 20:44:03",NULL
"235","Be the change that you wish to see in the world.","Mahatma Gandhi","1","2024-09-16 20:44:03","2024-09-16 20:44:03",NULL
"236","If I cannot do great things, I can do small things in a great way.","Martin Luther King Jr.","1","2024-09-16 20:44:03","2024-09-16 20:44:03",NULL
"237","We generate fears while we sit. We overcome them by action.","Dr. Henry Link","1","2024-09-16 20:44:03","2024-09-16 20:44:03",NULL
"238","Today’s accomplishments were yesterday’s impossibilities.","Robert H. Schuller","1","2024-09-16 20:44:03","2024-09-16 20:44:03",NULL
"239","The bad news is time flies. The good news is you’re the pilot.","Michael Altshuler","1","2024-09-16 20:44:03","2024-09-16 20:44:03",NULL
"240","Never limit yourself because of others’ limited imagination; never limit others because of your own limited imagination.","Mae Jemison","1","2024-09-16 20:44:03","2024-09-16 20:44:03",NULL
"241","Let us make our future now, and let us make our dreams tomorrow’s reality.","Malala Yousafzai","1","2024-09-16 20:44:03","2024-09-16 20:44:03",NULL
"242","Just one small positive thought in the morning can change your whole day","Dalai Lama","1","2024-09-16 20:44:03","2024-09-16 20:44:03",NULL
"243","Love your family, work super hard, live your passion.","Gary Vaynerchuk","1","2024-09-16 20:44:03","2024-09-16 20:44:03",NULL
"244","Don’t let someone else’s opinion of you become your reality","Les Brown","1","2024-09-16 20:44:03","2024-09-16 20:44:03",NULL
"245","If you’re not positive energy, you’re negative energy.","Mark Cuban","1","2024-09-16 20:44:03","2024-09-16 20:44:03",NULL
"246","I am not a product of my circumstances. I am a product of my decisions.","Stephen R. Covey","1","2024-09-16 20:44:03","2024-09-16 20:44:03",NULL
"247","The best revenge is massive success","Frank Sinatra","1","2024-09-16 20:44:03","2024-09-16 20:44:03",NULL
"248","If there is no wind, row.","","1","2024-09-16 20:44:03","2024-09-16 20:44:03",NULL
"249","It’s never too late for a new beginning in your life.","Joyce Meyers","1","2024-09-16 20:44:03","2024-09-16 20:44:03",NULL
"250","If opportunity doesn’t knock build a door.","Milton Berle","1","2024-09-16 20:44:03","2024-09-16 20:44:03",NULL
"251","Action is the foundational key to all success.","Pablo Picasso","1","2024-09-16 20:44:03","2024-09-16 20:44:03",NULL
"252","I never dreamt of success. I worked for it.","Estee Lauder","1","2024-09-16 20:44:03","2024-09-16 20:44:03",NULL
"253","A goal is a dream with a deadline.","Napoleon Hill","1","2024-09-16 20:44:03","2024-09-16 20:44:03",NULL
"254","You could rattle the stars,” she whispered. “You could do anything, if only you dared. And deep down, you know it, too. That’s what scares you most.","Sarah J. Maas","1","2024-09-16 20:44:03","2024-09-16 20:44:03",NULL
"255","It is only when we take chances, when our lives improve. The initial and the most difficult risk that we need to take is to become honest.","Walter Anderson","1","2024-09-16 20:44:03","2024-09-16 20:44:03",NULL
"256","The adventure of life is to learn. The purpose of life is to grow. The nature of life is to change. The challenge of life is to overcome. The essence of life is to care. The opportunity of like is to serve. The secret of life is to dare. The spice of life is to befriend. The beauty of life is to give.","William Arthur Ward","1","2024-09-16 20:44:03","2024-09-16 20:44:03",NULL
"257","When you know your worth, no one can make you feel worthless.","","1","2024-09-16 20:44:03","2024-09-16 20:44:03",NULL
"258","If you’ve never eaten while crying you don’t know what life tastes like.","Johann Wolfgang von Goethe","1","2024-09-16 20:44:03","2024-09-16 20:44:03",NULL
"259","If you judge people, you have no time to love them.","Mother Teresa","1","2024-09-16 20:44:03","2024-09-16 20:44:03",NULL
"260","Once you do know what the question actually is, you’ll know what the answer means","Douglas Adams","1","2024-09-16 20:44:03","2024-09-16 20:44:03",NULL
"261","The two most important days in your life are the day you’re born and the day you find out why.","Mark Twain","1","2024-09-16 20:44:03","2024-09-16 20:44:03",NULL
"262","Nothing ever goes away until it teaches us what we need to know.","Pema Chodron","1","2024-09-16 20:44:03","2024-09-16 20:44:03",NULL
"263","We can see through others only when we can see through ourselves.","Bruce Lee","1","2024-09-16 20:44:03","2024-09-16 20:44:03",NULL
"264","You don’t get paid for the hour. You get paid for the value you bring to the hour.","Jim Rohn","1","2024-09-16 20:44:03","2024-09-16 20:44:03",NULL
"265","Be an Encourager: When you encourage others, you boost their self-esteem, enhance their self-confidence, make them work harder, lift their spirits and make them successful in their endeavors. Encouragement goes straight to the heart and is always available. Be an encourager. Always.","Roy T. Bennett","1","2024-09-16 20:44:03","2024-09-16 20:44:03",NULL
"266","Remember, you have been criticizing yourself for years and it hasn’t worked. Try approving of yourself and see what happens.","Louise L Hay","1","2024-09-16 20:44:03","2024-09-16 20:44:03",NULL
"267","Work hard and don’t give up hope. Be open to criticism and keep learning. Surround yourself with happy, warm and genuine people.","Tena Desae","1","2024-09-16 20:44:03","2024-09-16 20:44:03",NULL
"268","Stay true to yourself, yet always be open to learn. Work hard, and never give up on your dreams, even when nobody else believes they can come true but you. These are not cliches but real tools you need no matter what you do in life to stay focused on your path.","Phillip Sweet","1","2024-09-16 20:44:03","2024-09-16 20:44:03",NULL
"269","You can control two things: your work ethic and your attitude about anything.","Ali Krieger","1","2024-09-16 20:44:03","2024-09-16 20:44:03",NULL
"270","Success isn’t always about greatness. It’s about consistency. Consistent hard work leads to success. Greatness will come.","Dwayne Johnson","1","2024-09-16 20:44:03","2024-09-16 20:44:03",NULL
"271","One, remember to look up at the stars and not down at your feet. Two, never give up work. Work gives you meaning and purpose and life is empty without it. Three, if you are lucky enough to find love, remember it is there and don’t throw it away.","Stephen Hawking","1","2024-09-16 20:44:03","2024-09-16 20:44:03",NULL
"272","Some women choose to follow men, and some women choose to follow their dreams. If you’re wondering which way to go, remember that your career will never wake up and tell you that it doesn’t love you anymore.","Lady Gaga","1","2024-09-16 20:44:03","2024-09-16 20:44:03",NULL
"273","Read, read, read. Read everything – trash, classics, good and bad, and see how they do it. Just like a carpenter who works as an apprentice and studies the master. Read! You’ll absorb it. Then write. If it’s good, you’ll find out. If it’s not, throw it out of the window.","William Faulkner","1","2024-09-16 20:44:03","2024-09-16 20:44:03",NULL
"274","The best way to get started is to quit talking and begin doing.","Walt Disney","1","2024-09-16 20:44:03","2024-09-16 20:44:03",NULL
"275","Leaders never use the word failure. They look upon setbacks as learning experiences.","Brian Tracy","1","2024-09-16 20:44:03","2024-09-16 20:44:03",NULL
"276","There are no limits to what you can accomplish, except the limits you place on your own thinking.","Brian Tracy","1","2024-09-16 20:44:03","2024-09-16 20:44:03",NULL
"277","Someone is sitting in the shade today because someone planted a tree a long time ago.","Warren Buffet","1","2024-09-16 20:44:03","2024-09-16 20:44:03",NULL
"278","The pessimist sees difficulty in every opportunity. The optimist sees opportunity in every difficulty.","Winston Churchill","1","2024-09-16 20:44:03","2024-09-16 20:44:03",NULL
"279","You learn more from failure than from success. Don’t let it stop you. Failure builds character.","","1","2024-09-16 20:44:03","2024-09-16 20:44:03",NULL
"280","If you are working on something that you really care about, you don’t have to be pushed. The vision pulls you.","Steve Jobs","1","2024-09-16 20:44:03","2024-09-16 20:44:03",NULL
"281","Entrepreneurs are great at dealing with uncertainty and also very good at minimizing risk. That’s the classic entrepreneur.","Mohnish Pabrai","1","2024-09-16 20:44:03","2024-09-16 20:44:03",NULL
"282","The man who has confidence in himself gains the confidence of others.","","1","2024-09-16 20:44:03","2024-09-16 20:44:03",NULL
"283","What you lack in talent can be made up with desire, hustle and giving 110% all the time.","Don Zimmer","1","2024-09-16 20:44:03","2024-09-16 20:44:03",NULL
"284","Fake it until you make it! Act as if you had all the confidence you require until it becomes your reality.","Brian Tracy","1","2024-09-16 20:44:03","2024-09-16 20:44:03",NULL
"285","I think goals should never be easy, they should force you to work, even if they are uncomfortable at the time.","Michael Phelps","1","2024-09-16 20:44:03","2024-09-16 20:44:03",NULL
"286","Leaders think and talk about the solutions. Followers think and talk about the problems.","Brian Tracy","1","2024-09-16 20:44:03","2024-09-16 20:44:03",NULL
"287","Don’t let yesterday take up too much of today.","Will Rogers","1","2024-09-16 20:44:03","2024-09-16 20:44:03",NULL
"288","Experience is a hard teacher because she gives the test first, the lesson afterwards.","Vernon Sanders Law","1","2024-09-16 20:44:03","2024-09-16 20:44:03",NULL
"289","To know how much there is to know is the beginning of learning to live.","Dorothy West","1","2024-09-16 20:44:03","2024-09-16 20:44:03",NULL
"290","Goal setting is the secret to a compelling future.","Tony Robbins","1","2024-09-16 20:44:03","2024-09-16 20:44:03",NULL
"291","Whether you think you can or think you can’t, you’re right.","Henry Ford","1","2024-09-16 20:44:03","2024-09-16 20:44:03",NULL
"292","Security is mostly a superstition. Life is either a daring adventure or nothing.","Helen Keller","1","2024-09-16 20:44:03","2024-09-16 20:44:03",NULL
"293","Creativity is intelligence having fun.","Albert Einstein","1","2024-09-16 20:44:03","2024-09-16 20:44:03",NULL
"294","Knowing is not enough; we must apply. Wishing is not enough; we must do.","Johann Wolfgang Von Goethe","1","2024-09-16 20:44:03","2024-09-16 20:44:03",NULL
"295","Develop an ‘attitude of gratitude.’ Say thank you to everyone you meet for everything you do.","Brian Tracy","1","2024-09-16 20:44:03","2024-09-16 20:44:03",NULL
"296","Don’t say you don’t have enough time. You have exactly the same number of hours per day that were given to Helen Keller, Pasteur, Michelangelo, Mother Teresa, Leonardo Da Vinci, Thomas Jefferson, and Albert Einstein","H. Jackson Brown Jr.","1","2024-09-16 20:44:03","2024-09-16 20:44:03",NULL
"297","Hard work beats talent when talent doesn’t work hard.","Tim Notke","1","2024-09-16 20:44:03","2024-09-16 20:44:03",NULL
"298","If everything seems to be under control, you’re not going fast enough.","Mario Andretti","1","2024-09-16 20:44:03","2024-09-16 20:44:03",NULL
"299","Opportunity is missed by most people because it is dressed in overalls and looks like work.","Thomas Edison","1","2024-09-16 20:44:03","2024-09-16 20:44:03",NULL
"300","The only difference between ordinary and extraordinary is that little extra.","Jimmy Johnson","1","2024-09-16 20:44:03","2024-09-16 20:44:03",NULL
"301","The best way to appreciate your job is to imagine yourself without one.","Oscar Wilde","1","2024-09-16 20:44:03","2024-09-16 20:44:03",NULL
"302","Unsuccessful people make their decisions based on their current situations. Successful people make their decisions based on where they want to be.","Benjamin Hardy","1","2024-09-16 20:44:03","2024-09-16 20:44:03",NULL
"303","Never stop doing your best just because someone doesn’t give you credit.","Kamari aka Lyrikal","1","2024-09-16 20:44:03","2024-09-16 20:44:03",NULL
"304","Work hard for what you want because it won’t come to you without a fight. You have to be strong and courageous and know that you can do anything you put your mind to. If somebody puts you down or criticizes you, just keep on believing in yourself and turn it into something positive.","Leah LaBelle","1","2024-09-16 20:44:03","2024-09-16 20:44:03",NULL
"305","Work hard, be kind, and amazing things will happen.","Conan O’Brien","1","2024-09-16 20:44:03","2024-09-16 20:44:03",NULL
"306","Go as far as you can see; when you get there, you’ll be able to see further.","Thomas Carlyle","1","2024-09-16 20:44:03","2024-09-16 20:44:03",NULL
"307","Your talent determines what you can do. Motivation determines how much you’re willing to do. Your attitude determines how well you do it.","Lou Holtz","1","2024-09-16 20:44:03","2024-09-16 20:44:03",NULL
"308","The individual who says it is not possible should move out of the way of those doing it.","Tricia Cunningham","1","2024-09-16 20:44:03","2024-09-16 20:44:03",NULL
"309","I learned this, at least, by my experiment; that if one advances confidently in the direction of his dreams, and endeavors to live the life which he has imagined, he will meet with a success unexpected in common hours.","Henry David Thoreau","1","2024-09-16 20:44:03","2024-09-16 20:44:03",NULL
"310","When someone tells me ‘no,’ it doesn’t mean I can’t do it, it simply means I can’t do it with them.","Karen E. Quinones Miller","1","2024-09-16 20:44:03","2024-09-16 20:44:03",NULL
"311","Build your own dreams or someone else will hire you to build theirs.","Farrah Gray","1","2024-09-16 20:44:03","2024-09-16 20:44:03",NULL
"312","A year from now you may wish you had started today","Karen Lamb","1","2024-09-16 20:44:03","2024-09-16 20:44:03",NULL
"313","Light tomorrow with today.","Elizabeth Barrett Browning","1","2024-09-16 20:44:03","2024-09-16 20:44:03",NULL
"314","Someday is not a day of the week.","Janet Dailey","1","2024-09-16 20:44:03","2024-09-16 20:44:03",NULL
"315","Don’t count the days, make the days count.","Muhammad Ali","1","2024-09-16 20:44:03","2024-09-16 20:44:03",NULL
"316","Believe you can and you’re halfway there.","Theodore Roosevelt","1","2024-09-16 20:44:03","2024-09-16 20:44:03",NULL
"317","The only way to do great work is to love what you do. If you haven’t found it yet, keep looking. Don’t settle.","Steve Jobs","1","2024-09-16 20:44:03","2024-09-16 20:44:03",NULL
"318","Even if you’re on the right track, you’ll get run over if you just sit there.","Will Rogers","1","2024-09-16 20:44:03","2024-09-16 20:44:03",NULL
"319","Nothing can stop the man with the right mental attitude from achieving his goal. Nothing on earth can help the man with the wrong attitude.","Thomas Jefferson","1","2024-09-16 20:44:03","2024-09-16 20:44:03",NULL
"320","The more I want to get something done the less I call it work.","Richard Bach","1","2024-09-16 20:44:03","2024-09-16 20:44:03",NULL
"321","Success is the sum of small efforts repeated day in and day out.","Robert Collier","1","2024-09-16 20:44:03","2024-09-16 20:44:03",NULL
"322","If everything seems under control, you’re not going fast enough.","Mario Andretti","1","2024-09-16 20:44:03","2024-09-16 20:44:03",NULL
"323","Your imagination is your preview of life’s coming attractions.","Albert Einstein","1","2024-09-16 20:44:03","2024-09-16 20:44:03",NULL
"324","Try not. Do, or do not. There is no try.","Yoda","1","2024-09-16 20:44:03","2024-09-16 20:44:03",NULL
"325","The true meaning of life is to plant trees under whose shade you do not expect to sit.","Nelson Henderson","1","2024-09-16 20:44:03","2024-09-16 20:44:03",NULL
"326","I would rather die of passion than of boredom.","Emile Zola","1","2024-09-16 20:44:03","2024-09-16 20:44:03",NULL
"327","Very often a change of self is needed more than a change of scene.","Arthur Christopher Benson","1","2024-09-16 20:44:03","2024-09-16 20:44:03",NULL
"328","If you don’t design your own life plan, chances are you’ll fall into someone else’s plan and guess what they have planned for you? Not much.","Jim Rohn","1","2024-09-16 20:44:03","2024-09-16 20:44:03",NULL
"329","Develop success from failures. Discouragement and failure are two of the surest stepping stones to success.","Dale Carnegie","1","2024-09-16 20:44:03","2024-09-16 20:44:03",NULL
"330","Failure is the condiment that gives success its flavor.","Truman Capote","1","2024-09-16 20:44:03","2024-09-16 20:44:03",NULL
"331","It takes courage to grow up and become who you really are.","E.E. Cummings","1","2024-09-16 20:44:03","2024-09-16 20:44:03",NULL
"332","What we fear of doing most is usually what we most need to do.","Ralph Waldo Emerson","1","2024-09-16 20:44:03","2024-09-16 20:44:03",NULL
"333","It is better to fail in originality than to succeed in imitation.","Herman Melville","1","2024-09-16 20:44:03","2024-09-16 20:44:03",NULL
"334","Fall 7 times, stand up 8.","","1","2024-09-16 20:44:03","2024-09-16 20:44:03",NULL
"335","It’s not what you say out of your mouth that determines your life, it’s what you whisper to yourself that has the most power.","Robert T. Kiyosaki","1","2024-09-16 20:44:03","2024-09-16 20:44:03",NULL
"336","Success only comes to those who dare to attempt.","Mallika Tripathi","1","2024-09-16 20:44:03","2024-09-16 20:44:03",NULL
"337","People rarely succeed unless they have fun in what they are doing.","Dale Carnegie","1","2024-09-16 20:44:03","2024-09-16 20:44:03",NULL
"338","We must be willing to let go of the life we planned so as to have the life that is waiting for us.","Joseph Campbell","1","2024-09-16 20:44:03","2024-09-16 20:44:03",NULL
"339","Success is liking yourself, liking what you do, and liking how you do it.","Maya Angelou","1","2024-09-16 20:44:03","2024-09-16 20:44:03",NULL
"340","Coming together is a beginning, keeping together is progress, working together is success.","Henry Ford","1","2024-09-16 20:44:03","2024-09-16 20:44:03",NULL
"341","Don’t aim for success if you want it, just do what you love and believe in and it will come naturally.","David Frost","1","2024-09-16 20:44:03","2024-09-16 20:44:03",NULL
"342","The size of your success is measured by the strength of your desire, the size of your dream, and how you handle disappointment along the way.","Robert Kiyosaki","1","2024-09-16 20:44:03","2024-09-16 20:44:03",NULL
"343","The question isn’t who is going to let me, it’s who is going to stop me.","Ayn Rand","1","2024-09-16 20:44:03","2024-09-16 20:44:03",NULL
"344","Success is a state of mind. If you want success, start thinking of yourself as a success.","Joyce Brothers","1","2024-09-16 20:44:03","2024-09-16 20:44:03",NULL
"345","The elevator to success is out of order. You’ll have to use the stairs, one step at a time.","Joe Girard","1","2024-09-16 20:44:03","2024-09-16 20:44:03",NULL
"346","Be a positive energy trampoline – absorb what you need and rebound more back.","Dave Carolan","1","2024-09-16 20:44:03","2024-09-16 20:44:03",NULL
"347","People say nothing is impossible, but I do nothing every day.","Winnie the Pooh","1","2024-09-16 20:44:03","2024-09-16 20:44:03",NULL
"348","Life is like a sewer… what you get out of it depends on what you put into it.","Tom Lehrer","1","2024-09-16 20:44:03","2024-09-16 20:44:03",NULL
"349","I always wanted to be somebody, but now I realise I should have been more specific.","Lily Tomlin","1","2024-09-16 20:44:03","2024-09-16 20:44:03",NULL
"350","If you think you’re too small to make a difference, try sleeping with a mosquito.","Dalai Lama","1","2024-09-16 20:44:03","2024-09-16 20:44:03",NULL
"351","If at first you don’t succeed, then skydiving isn’t for you.","Steven Wright","1","2024-09-16 20:44:03","2024-09-16 20:44:03",NULL
"352","I have not failed. I’ve just found 10,000 ways that won’t work.","Thomas A. Edison","1","2024-09-16 20:44:03","2024-09-16 20:44:03",NULL
"353","A witty woman is a treasure; a witty beauty is a power.","George Meredith","1","2024-09-16 20:44:03","2024-09-16 20:44:03",NULL
"354","When a woman becomes her own best friend life is easier.","Diane Von Furstenberg","1","2024-09-16 20:44:03","2024-09-16 20:44:03",NULL
"355","One secret of success in life is for a man to be ready for his opportunity when it comes.","Benjamin Disraeli","1","2024-09-16 20:44:03","2024-09-16 20:44:03",NULL
"356","A successful man is one who can lay a firm foundation with the bricks others have thrown at him.","David Brinkley","1","2024-09-16 20:44:03","2024-09-16 20:44:03",NULL
"357","The successful man will profit from his mistakes and try again in a different way","Dale Carnegie","1","2024-09-16 20:44:03","2024-09-16 20:44:03",NULL
"358","Talent wins games, but teamwork and intelligence win championships.","Michael Jordan","1","2024-09-16 20:44:03","2024-09-16 20:44:03",NULL
"359","Individual commitment to a group effort—that is what makes a teamwork, a company work, a society work, a civilization work.","Vince Lombardi","1","2024-09-16 20:44:03","2024-09-16 20:44:03",NULL
"360","Teamwork is the ability to work together toward a common vision. The ability to direct individual accomplishments toward organizational objectives. It is the fuel that allows common people to attain uncommon results.","Andrew Carnegie","1","2024-09-16 20:44:03","2024-09-16 20:44:03",NULL
"361","Coming together is a beginning. Keeping together is progress. Working together is success.","Henry Ford","1","2024-09-16 20:44:03","2024-09-16 20:44:03",NULL
"362","Alone we can do so little, together we can do so much.","Helen Keller","1","2024-09-16 20:44:03","2024-09-16 20:44:03",NULL
"363","Remember, teamwork begins by building trust. And the only way to do that is to overcome our need for invulnerability.","Patrick Lencioni","1","2024-09-16 20:44:03","2024-09-16 20:44:03",NULL
"364","You can get everything in life you want if you will just help enough other people get what they want.","Zig Ziglar","1","2024-09-16 20:44:03","2024-09-16 20:44:03",NULL
"365","Inspiration does exist, but it must find you working.","Pablo Picasso","1","2024-09-16 20:44:03","2024-09-16 20:44:03",NULL
"366","Don’t settle for average. Bring your best to the moment. Then, whether it fails or succeeds, at least you know you gave all you had.","Angela Bassett","1","2024-09-16 20:44:03","2024-09-16 20:44:03",NULL
"367","Don’t bunt. Aim out of the ballpark. Aim for the company of immortals.","David Ogilvy","1","2024-09-16 20:44:03","2024-09-16 20:44:03",NULL
"368","Never give up on a dream just because of the time it will take to accomplish it. The time will pass anyway.","Earl Nightingale","1","2024-09-16 20:44:03","2024-09-16 20:44:03",NULL
"369","The big secret in life is that there is no secret. Whatever your goal, you can get there if you’re willing to work.","Oprah Winfrey","1","2024-09-16 20:44:03","2024-09-16 20:44:03",NULL
"370","Your work is going to fill a large part of your life, and the only way to be truly satisfied is to do what you believe is great work. And the only way to do great work is to love what you do. If you haven’t found it yet, keep looking. Don’t settle. As with all matters of the heart, you’ll know when you find it.","Steve Jobs","1","2024-09-16 20:44:03","2024-09-16 20:44:03",NULL
